{"cameraMode":{"drawMode":0,"name":"Shaded","section":"Shading Mode"},"sceneLighting":true,"audioPlay":false,"sceneViewState":{"showFog":true,"showMaterialUpdate":false,"showSkybox":true,"showFlares":true,"showImageEffects":true,"showParticleSystems":true},"in2DMode":false,"pivot":{"x":-5.3479838371276859,"y":-0.39897727966308596,"z":-0.6418418884277344},"rotation":{"x":-0.2557089328765869,"y":0.17059911787509919,"z":-0.045896727591753009,"w":-0.9504748582839966},"size":14.425407409667969,"orthographic":false}